<application>
  <component name="UpdatesConfigurable">
    <ignoredBuildNumbers>
      <item value="221.5591.52" />
      <item value="221.5787.30" />
      <item value="221.5921.22" />
    </ignoredBuildNumbers>
    <option name="LAST_BUILD_CHECKED" value="IU-223.8214.52" />
    <option name="LAST_TIME_CHECKED" value="1672908846613" />
    <pluginHosts>
      <item value="https://jetbrains.corp.amazon.com/" />
    </pluginHosts>
    <option name="THIRD_PARTY_PLUGINS_ALLOWED" value="true" />
    <option name="WHATS_NEW_SHOWN_FOR" value="223" />
  </component>
</application>